"Year","AUS","AUT","BEL","BGR","BLR","CAN","CHE","CYP","CZE","DEU","DNK","ESP","EST","FIN","FRA","GBR","GRC","HRV","HUN","IRL","ISL","ITA","JPN","KAZ","LIE","LTU","LUX","LVA","MCO","MLT","NLD","NOR","POL","PRT","ROU","RUS","SVK","SVN","SWE","TUR","UKR","USA","CHN","AFG","ARG","ARM","AZE","BGD","BRA","CHL","JAM","KOR","KSV","LBN","MDA","PRY","RWA","SAU","TGO","THA","TUN","TWN","UZB","KHM","FJI","GHA","MRT","SLE","CIV","BRN","TUV","PNG","GIN","AND","SGP","REU","GLP","GUF","MTQ","MYT"
1920,,,,,,,,,,,,,,,,,,,,,,,,,,,,,,,,,,,,,,,,,,,,,,,,,,,,,,,,,,,,,,,,,,,0,0,0,0,0,0,0,0,0,0,0,0,0,0
1921,,,,,,,,,,,,,,,,,,,,,,,,,,,,,,,,,,,,,,,,,,,,,,,,,,,,,,,,,,,,,,,,,,,0,0,0,0,0,0,0,0,0,0,0,0,0,0
1922,,,,,,,,,,,,,,,,,,,,,,,,,,,,,,,,,,,,,,,,,,,,,,,,,,,,,,,,,,,,,,,,,,,0,0,0,0,0,0,0,0,0,0,0,0,0,0
1923,,,,,,,,,,,,,,,,,,,,,,,,,,,,,,,,,,,,,,,,,,,,,,,,,,,,,,,,,,,,,,,,,,,0,0,0,0,0,0,0,0,0,0,0,0,0,0
1924,,,,,,,,,,,,,,,,,,,,,,,,,,,,,,,,,,,,,,,,,,,,,,,,,,,,,,,,,,,,,,,,,,,0,0,0,0,0,0,0,0,0,0,0,0,0,0
1925,,,,,,,,,,,,,,,,,,,,,,,,,,,,,,,,,,,,,,,,,,27304,,,,,,,,,,,,,,,,,,,,,,,,,0,0,0,0,0,0,0,0,0,0,0,0,0,0
1926,,,,,,,,,,,,,,,,,,,,,,,,,,,,,,,,,,,,,,,,,,27879,,,,,,,,,,,,,,,,,,,,,,,,,0,0,0,0,0,0,0,0,0,0,0,0,0,0
1927,,,,,,,,,,,,,,,,,,,,,,,,,,,,,,,,,,,,,,,,,,28957,,,,,,,,,,,,,,,,,,,,,,,,,0,0,0,0,0,0,0,0,0,0,0,0,0,0
1928,,,,,,,,,,,,,,,,,,,,,,,,,,,,,,,,,,,,,,,,,,29631,,,,,,,,,,,,,,,,,,,,,,,,,0,0,0,0,0,0,0,0,0,0,0,0,0,0
1929,,,,,,,,,,,,,,,,,,,,,,,,,,,,,,,,,,,,,,,,,,28821,,,,,,,,,,,,,,,,,,,,,,,,,0,0,0,0,0,0,0,0,0,0,0,0,0,0
1930,,,,,,,,,,,,,,,,,,,,,,,,,,,,,,,,,,,,,,,,,,27457,,,,,,,,,,,,,,,,,,,,,,,,,0,0,0,0,0,0,0,0,0,0,0,0,0,0
1931,,,,,,,,,,,,,,,,,,,,,,,,,,,,,,,,,,,,,,,,,,20775,,,,,,,,,,,,,,,,,,,,,,,,,0,0,0,0,0,0,0,0,0,0,0,0,0,0
1932,,,,,,,,,,,,,,,,,,,,,,,,,,,,,,,,,,,,,,,,,,12792,,,,,,,,,,,,,,,,,,,,,,,,,0,0,0,0,0,0,0,0,0,0,0,0,0,0
1933,,,,,,,,,,,,,,,,,,,,,,,,,,,,,,,,,,,,,,,,,,10738,,,,,,,,,,,,,,,,,,,,,,,,,0,0,0,0,0,0,0,0,0,0,0,0,0,0
1934,,,,,,,,,,,,,,,,,,,,,,,,,,,,,,,,,,,,,,,,,,13261,,,,,,,,,,,,,,,,,,,,,,,,,0,0,0,0,0,0,0,0,0,0,0,0,0,0
1935,,,,,,,,,,,,,,,,,,,,,,,,,,,,,,,,,,,,,,,,,,12847,,,,,,,,,,,,,,,,,,,,,,,,,0,0,0,0,0,0,0,0,0,0,0,0,0,0
1936,,,,,,,,,,,,,,,,,,,,,,,,,,,,,,,,,,,,,,,,,,19123,,,,,,,,,,,,,,,,,,,,,,,,,0,0,0,0,0,0,0,0,0,0,0,0,0,0
1937,,,,,,,,,,,,,,,,,,,,,,,,,,,,,,,,,,,,,,,,,,19927,,,,,,,,,,,,,,,,,,,,,,,,,0,0,0,0,0,0,0,0,0,0,0,0,0,0
1938,,,,,,,,,,,,,,,,,,,,,,,,,,,,,,,,,,,,,,,,,,17757.230472,,,,,,,,,,,,,,,,,,,,,,,,,0,0,0,0,0,0,0,0,0,0,0,0,0,0
1939,,,,,,,,,,,,,,,,,,,,,,,,,,,,,,,,,,,,,,,,,,20742.379919,,,,,,,,,,,,,,,,,,,,,,,,,0,0,0,0,0,0,0,0,0,0,0,0,0,0
1940,,,,,,,,,,,,,,,,,,,,,,,,,,,,,,,,,,,,,,,,,,22195.813249,,,,,,,,,,,,,,,,,,,,,,,,,0,0,0,0,0,0,0,0,0,0,0,0,0,0
1941,,,,,,,,,,,,,,,,,,,,,,,,,,,,,,,,,,,,,,,,,,27907.045582,,,,,,,,,,,,,,,,,,,,,,,,,0,0,0,0,0,0,0,0,0,0,0,0,0,0
1942,,,,,,,,,,,,,,,,,,,,,,,,,,,,,,,,,,,,,,,,,,30915.298002,,,,,,,,,,,,,,,,,,,,,,,,,0,0,0,0,0,0,0,0,0,0,0,0,0,0
1943,,,,,,,,,,,,,,,,,,,,,,,,,,,,,,,,,,,,,,,,,,23142.438027,,,,,,,,,,,,,,,,,,,,,,,,,0,0,0,0,0,0,0,0,0,0,0,0,0,0
1944,,,,,,,,,,,,,,,,,,,,,,,,,,,,,,,,,,,,,,,,,,15436.342524,,,,,,,,,,,,,,,,,,,,,,,,,0,0,0,0,0,0,0,0,0,0,0,0,0,0
1945,,,,,,,,,,,,,,,,,,,,,,,,,,,,,,,,,,,,,,,,,,17516.067645,,,,,,,,,,,,,,,,,,,,,,,,,0,0,0,0,0,0,0,0,0,0,0,0,0,0
1946,,,,,,,,,,,,,,,,,,,,,,,,,,,,,,,,,,,,,,,,,,28162.428759,,,,,,,,,,,,,,,,,,,,,,,,,0,0,0,0,0,0,0,0,0,0,0,0,0,0
1947,,,,,,,,,,,,,,,,,,,,,,,,,,,,,,,,,,,,,,,,,,31995.729891,,,,,,,,,,,,,,,,,,,,,,,,,0,0,0,0,0,0,0,0,0,0,0,0,0,0
1948,,,,,,,,,,,,,,,,,,,,,,,,,,,,,,,,,,,,,,,,,,35396.793219,,,,,,,,,,,,,,,,,,,,,,,,,0,0,0,0,0,0,0,0,0,0,0,0,0,0
1949,,,,,,,,,,,,,,,,,,,,,,,,,,,,,,,,,,,,,,,,,,36109.044965,,,,,,,,,,,,,,,,,,,,,,,,,0,0,0,0,0,0,0,0,0,0,0,0,0,0
1950,,,,,,,,,,,,,,,,,,,,,,,,,,,,,,,,,,,,,,,,,,38678.475811,,,,,,,,,,,,,,,,,,,,,,,,,0,0,0,0,0,0,0,0,0,0,0,0,0,0
1951,,,,,,,,,,,,,,,,,,,,,,,,,,,,,,,,,,,,,,,,,,42361.021524,,,,,,,,,,,,,,,,,,,,,,,,,0,0,0,0,0,0,0,0,0,0,0,0,0,0
1952,,,,,,,,,,,,,,,,,,,,,,,,,,,,,,,,,,,,,,,,,,42774.083115,,,,,,,,,,,,,,,,,,,,,,,,,0,0,0,0,0,0,0,0,0,0,0,0,0,0
1953,,,,,,,,,,,,,,,,,,,,,,,,,,,,,,,,,,,,,,,,,,45206.011186,,,,,,,,,,,,,,,,,,,,,,,,,0,0,0,0,0,0,0,0,0,0,0,0,0,0
1954,,,,,,,,,,,,,,,,,,,,,,,,,,,,,,,,,,,,,,,,,,46377.794993,,,,,,,,,,,,,,,,,,,,,,,,,0,0,0,0,0,0,0,0,0,0,0,0,0,0
1955,,,,,,,,,,,,,,,,,,,,,,,,,,,,,,,,,,,,,,,,,,51092.766486,,,,,,,,,,,,,,,,,,,,,,,,,0,0,0,0,0,0,0,0,0,0,0,0,0,0
1956,,,,,,,,,,,,,,,,,,,,,,,,,,,,,,,,,,,,,,,,,,54564.807059,,,,,,,,,,,,,,,,,,,,,,,,,0,0,0,0,0,0,0,0,0,0,0,0,0,0
1957,,,,,,,,,,,,,,,,,,,,,,,,,,,,,,,,,,,,,,,,,,51903.362900,,,,,,,,,,,,,,,,,,,,,,,,,0,0,0,0,0,0,0,0,0,0,0,0,0,0
1958,,,,,,,,,,,,,,,,,,,,,,,,,,,,,,,,,,,,,,,,,,53349.462549,,,,,,,,,,,,,,,,,,,,,,,,,0,0,0,0,0,0,0,0,0,0,0,0,0,0
1959,,,,,,,,,,,,,,,,,,,,,,,,,,,,,,,,,,,,,,,,,,58108.339600,,,,,,,,,,,,,,,,,,,,,,,,,0,0,0,0,0,0,0,0,0,0,0,0,0,0
1960,,,,,,,,,,,,,,,,,,,,,,,,,,,,,,,,,,,,,,,,,,55348.658220,,,,,,,,,,,,,,,,,,,,,,,,,0,0,0,0,0,0,0,0,0,0,0,0,0,0
1961,,,,,,,,,,,,,,,,,,,,,,,,,,,,,,,,,,,,,,,,,,55157.811952,,,,,,,,,,,,,,,,,,,,,,,,,0,0,0,0,0,0,0,0,0,0,0,0,0,0
1962,,,,,,,,,,,,,,,,,,,,,,,,,,,,,,,,,,,,,,,,,,57425.113371,,,,,,,,,,,,,,,,,,,,,,,,,0,0,0,0,0,0,0,0,0,0,0,0,0,0
1963,,,,,,,,,,,,,,,,,,,,,,,,,,,,,,,,,,,,,,,,,,60416.914296,,,,,,,,,,,,,,,,,,,,,,,,,0,0,0,0,0,0,0,0,0,0,0,0,0,0
1964,,,,,,,,,,,,,,,,,,,,,,,,,,,,,,,,,,,,,,,,,,63473.865601,,,,,,,,,,,,,,,,,,,,,,,,,0,0,0,0,0,0,0,0,0,0,0,0,0,0
1965,,,,,,,,,,,,,,,,,,,,,,,,,,,,,,,,,,,,,,,,,,63990.975418,,,,,,,,,,,,,,,,,,,,,,,,,0,0,0,0,0,0,0,0,0,0,0,0,0,0
1966,,,,,,,,,,,,,,,,,,,,,,,,,,,,,,,,,,,,,,,,,,66447,,,,,,,,,,,,,,,,,,,,,,,,,0,0,0,0,0,0,0,0,0,0,0,0,0,0
1967,,,,,,,,,,,,,,,,,,,,,,,,,,,,,,,,,,,,,,,,,,64566,,,,,,,,,,,,,,,,,,,,,,,,,0,0,0,0,0,0,0,0,0,0,0,0,0,0
1968,,,,,,,,,,,,,,,,,,,,,,,,,,,,,,,,,,,,,,,,,,67883,,,,,,,,,,,,,,,,,,,,,,,,,0,0,0,0,0,0,0,0,0,0,0,0,0,0
1969,,,,,,,,,,,,,,,,,,,,,,,,,,,,,,,,,,,,,,,,,,68608,,,,,,,,,,,,,,,,,,,,,,,,,0,0,0,0,0,0,0,0,0,0,0,0,0,0
1970,,,,,,,,,,,,,,,,,,,,,,,,,,,,,,,,,,,,,,,,,,67122.626124,,,,,,,,,,,,,,,,,,,,,,,,,0,0,0,0,0,0,0,0,0,0,0,0,0,0
1971,,,,,,,,,,,,,,,,,,,,,,,,,,,,,,,,,,,,,,,,,,68248.166210,,,,,,,,,,,,,,,,,,,,,,,,,0,0,0,0,0,0,0,0,0,0,0,0,0,0
1972,,,,,,,,,,,,,,,,,,,,,,,,,,,,,,,,,,,,,,,,,,70196.489424,,,,,,,,,,,,,,,,,,,,,,,,,0,0,0,0,0,0,0,0,0,0,0,0,0,0
1973,,,,,,,,,,,,,,,,,,,,,,,,,,,,,,,,,,,,,,,,,,70952.905404,,,,,,,,,,,,,,,,,,,,,,,,,0,0,0,0,0,0,0,0,0,0,0,0,0,0
1974,,,,,,,,,,,,,,,,,,,,,,,,,,,,,,,,,,,,,,,,,,70740.064203,,,,,,,,,,,,,,,,,,,,,,,,,0,0,0,0,0,0,0,0,0,0,0,0,0,0
1975,,,,,,,,,,,,,,,,,,,,,,,,,,,,,,,,,,,,,,,,,,58548.932829,,,,,,,,,,,,,,,,,,,,,,,,,0,0,0,0,0,0,0,0,0,0,0,0,0,0
1976,,,,,,,,,,,,,,,,,,,,,,,,,,,,,,,,,,,,,,,,,,62213.708343,,,,,,,,,,,,,,,,,,,,,,,,,0,0,0,0,0,0,0,0,0,0,0,0,0,0
1977,,,,,,,,,,,,,,,,,,,,,,,,,,,,,,,,,,,,,,,,,,65305.905997,,,,,,,,,,,,,,,,,,,,,,,,,0,0,0,0,0,0,0,0,0,0,0,0,0,0
1978,,,,,,,,,,,,,,,,,,,,,,,,,,,,,,,,,,,,,,,,,,68451.986789,,,,,,,,,,,,,,,,,,,,,,,,,0,0,0,0,0,0,0,0,0,0,0,0,0,0
1979,,,,,,,,,,,,,,,,,,,,,,,,,,,,,,,,,,,,,,,,,,69075.813182,,,,,,,,,,,,,,,,,,,,,,,,,0,0,0,0,0,0,0,0,0,0,0,0,0,0
1980,,,,,,,,,,,,,,,,,,,,,,,,,,,,,,,,,,,,,,,,,,63273.995732,,,,,,,,,,,,,,,,,,,,,,,,,0,0,0,0,0,0,0,0,0,0,0,0,0,0
1981,,,,,,,,,,,,,,,,,,,,,,,,,,,,,,,,,,,,,,,,,,61429.810399,,,,,,,,,,,,,,,,,,,,,,,,,0,0,0,0,0,0,0,0,0,0,0,0,0,0
1982,,,,,,,,,,,,,,,,,,,,,,,,,,,,,,,,,,,,,,,,,,54661.867439,,,,,,,,,,,,,,,,,,,,,,,,,0,0,0,0,0,0,0,0,0,0,0,0,0,0
1983,,,,,,,,,,,,,,,,,,,,,,,,,,,,,,,,,,,,,,,,,,58503.343539,,,,,,,,,,,,,,,,,,,,,,,,,0,0,0,0,0,0,0,0,0,0,0,0,0,0
1984,,,,,,,,,,,,,,,,,,,,,,,,,,,,,,,,,,,,,,,,,,63261.086061,,,,,,,,,,,,,,,,,,,,,,,,,0,0,0,0,0,0,0,0,0,0,0,0,0,0
1985,,,,,,,,,,,,,,,,,,,,,,,,,,,,,,,,,,,,,,,,,,60941.343539,,,,,,,,,,,,,,,,,,,,,,,,,0,0,0,0,0,0,0,0,0,0,0,0,0,0
1986,,,,,,,,,,,,,,,,,,,3069.549000,,,,,,,,,,,,,,,,,,,951.230000,,,,63143.154828,,,,,,,,,,,,,,,,,,,,,,,,,0,0,0,0,0,0,0,0,0,0,0,0,0,0
1987,,,,,,,,,,,,,,,,,,,3352.126000,,,,,,,,,,,,,,,,,,,897.692308,,,,63377.912158,,,,,,,,,,,,,,,,,,,,,,,,,0,0,0,0,0,0,0,0,0,0,0,0,0,0
1988,,,,4535.243000,,,,,,,,,,,,,,,3250.463000,,,,,,,,,,,,,,13387,,,,,988.461538,,,,63901.196467,,,,,,,,,,,,,,,,,,,,,,,,,0,0,0,0,0,0,0,0,0,0,0,0,0,0
1989,,,,4232.706000,,,,,,,,,,,,,,,3320.680000,,,,,,,,,,,,,,13738,,10571,,,903.846154,,,,63932.292363,,,,,,,,,,,,,,,,,,,,,,,,,0,0,0,0,0,0,0,0,0,0,0,0,0,0
1990,6205.437000,3693.539000,5292.099000,3986.624000,1904.600000,10510,4808.159000,1248.670000,4726,28862.770000,1406.212000,23211.731000,790.300000,1469.822000,20854,13199,10645.128000,2062.425000,3210.357000,1610.261047,96.985000,29785.592000,76252.615839,1929,0,3057.510000,1048,668.500000,0,0,770,1244.068000,10309,6127.751000,8379,65830,2835.750000,891.067000,2348,20252,17455.700000,64355,157000,107.520000,,630.300000,,,,1289.874500,,,,,1801.300000,273.786200,,,,12430.578506,,17478,5072.407698,,,,0,0,0,0,0,0,0,0,0,0,0,0,0,0
1991,5712.056000,3635.462000,5386.500000,2354.096000,1830.700000,8600,4189.041000,1176.251000,4368,25926.700000,1811.958000,22118.675000,772.700000,1145.747000,19803,10845,10561.789000,1337.120000,2067.334000,1424.375203,90.247900,29496.548000,79495.015791,1528,0,2855,1001.637000,617.600000,0,0,922,1147.468000,10235,6311.348000,6037,62458.700000,2010,789.328000,2099,23153,16559.200000,62918,188194.450000,107.520000,,656.700000,,,,1512.776900,,34999,,,1666.600000,261.200730,,,,11522.689055,,18325,5017.105263,,,,0,0,0,0,0,0,0,0,0,0,0,0,0,0
1992,5263.847000,3820.397000,5741.686000,2041.098000,1755.600000,8660,3926.573000,1282.040000,4653,27252.830000,2089.393000,19732.165000,516.900000,953,17815,9872,10831.271000,1566.301000,1591.345000,1371.331200,84.830000,30878,82093.927185,1328.700000,0,1366.490000,1013.452000,278,0,0,831,1260.218000,10469,6050.112000,5488,50818.900000,2530.500000,728.934000,2007,25489,16084.600000,63411,227466.360000,107.520000,,164.900000,,,,1661.322700,,38999,,,879.300000,423.535160,,,,15821.751998,,19861,4896.641791,,,,0,0,0,0,0,0,0,0,0,0,0,0,0,0
1993,5422.188000,3678.293000,5732,2143.812000,1651.100000,8820,3564.210000,1396.818000,4122,27417.460000,2117.895000,18740.185000,378,726.744000,16382,9996,10851.815000,1305.076000,1906.663000,1327.676543,73.456150,26438.400000,81224.441844,670.600000,0,655.970000,842.855000,30.754000,0,0,849,1605.901000,9730,6165.130000,5349,41836.400000,1992,546.777000,2011,24941,11879,66957,265230.900000,110.400000,,92,,,,1683.068900,,45603,,,752.500000,403.823640,,,,23187.389535,,22442,4655.007855,,,,0,0,0,0,0,0,0,0,0,0,0,0,0,0
1994,6248.979000,3791.131000,5913.388000,2680.614000,1217.400000,10400,3930.314000,1465.823000,4134,28944.580000,2192.402000,21737.227000,540,731.221000,16732,11521,10930.922000,1583.682000,2211.048000,1564.798071,68.727600,25923.352000,83337.824625,320.600000,0,690.700000,950.854000,150,0,0,858,1621.415000,12558,6351.838000,5232,31337.800000,2159.250000,724.764000,2043,25880,9267.300000,69787,305362.750000,110.400000,,53,,,,1830.269900,,49558,,298,608.600000,507.955210,,,,25671.893455,,21391,4126.806756,,,,0,0,0,0,0,0,0,0,0,0,0,0,0,0
1995,5998.419000,2929.973000,6055.158000,3700.595000,1087.800000,11770,3706.348000,1404.561000,3740,29363.012900,2353.123000,23373.454000,571.290000,760.292000,16465,11371,11743.725000,1197.610000,2214.157000,1601.173089,69.286900,28778.485000,83032.253143,186.100000,0,567.520000,848.455000,175.691000,0,0,792,1682.938000,12602,6678.913000,5937.820000,31663,2235.750000,769.221000,2405.245000,27094,6339.200000,71257,343000,110.400000,,114,,,,1940.830000,504.920000,51894,,,459.700000,560.302410,,,765333.100000,29477.021000,,21007,3033.405342,,,,0,0,0,0,0,0,0,0,0,0,0,0,0,0
1996,5794.662000,2915.956000,5606.986000,3645.098000,1241.500000,11150,3336.647000,1516.470000,3934,27945.429420,2481.792000,22900.967000,590.500000,767.355000,16084,11609,11773.834000,1306.262000,2033.989000,1791.811564,76.776250,26292.374000,83854.876283,30.100000,0,585.680000,837.518000,198.024000,0,0,586,1655.390000,11756,6535.470000,6037.500000,24200.600000,2130.750000,825.949000,2255,27852,4027.400000,71706,358263.360000,111.360000,,130,,,,1880.936000,521.601000,52272,,,357.300000,527.952460,,,791266.650000,33354.741000,,20393,2815.003928,,,,0,0,0,0,0,0,0,0,0,0,0,0,0,0
1997,5683.573000,3103.312000,5885.238000,2921.985000,1603.400000,12001.028000,2993.845000,1458.885000,3829,28820.696430,2486.475000,24104.979000,650.600000,905.775000,15466,12141,11831.564000,1533.775000,2184.773000,2087.193397,85.531250,26753.031000,78666.188556,89.200000,0,668.110000,865.659000,201.689000,0,0,696,1775.877000,12739,6869.637000,5669.270000,23344.200000,2352,836.201000,2047.051000,28706,4510.500000,74112,376878.600000,111.360000,,278,,,,1851.090000,456.891000,54124,,,500.200000,525.650160,,,196574,37170.601000,,20457,2949.901807,,,,0,0,0,0,0,0,0,0,0,0,0,0,0,0
1998,6231.805000,2869.035000,5906.368000,2063.446000,1771.200000,12309.034000,2994.845000,1381.919000,3758,29329.365760,2462.249000,26103.860000,659.150000,902.137000,16562,12372,11789.070000,1649.111000,2262.112000,1929.614689,100.031400,27327.784000,69674.775854,19.500000,0,752.580000,870.053000,195.654000,0,0,800,1675.489000,11974,6821.242000,5497.253000,22678,3528.767000,871.521000,2104.916000,29148,5215.400000,75842,392659.700000,111.360000,,347,,,,2212.737000,505.575000,42243,,,397.800000,475.308300,,,719167,25522.001000,,19172,3125.903378,,,,0,0,0,0,0,0,0,0,0,0,0,0,0,0
1999,6369.177000,2891.785000,5799.153000,2018.720000,1712.600000,12831.972000,2991.815000,1381.516000,3547,29756.777560,2387.282000,27280.915000,589.800000,964.287000,15990,11816,11761.212000,2151.013000,2270.595000,2125.283999,113.599950,28716.744000,68980.296997,14.200000,0,632.030000,913.265000,262.974000,0,0,957.425000,1663.644000,11678,7380.366000,4971.034000,25055.300000,3538.426000,878.997000,2116.248000,27966,4742.790000,77337,424153.800000,111.360000,,284,,,,1860.632000,463.962000,43789,,,390.400000,459.951820,,,1183973,30899.369000,,17802,2941.300079,,,,0,0,0,0,0,0,0,0,0,0,0,0,0,0
2000,6557.014000,3052.974000,6088.630800,2211.234000,1666.200000,13021.083000,3213.650000,1427.715000,3537,28779.014740,2452.394000,27840.499000,619.510000,1017.385000,16323,11456,12071.731000,2382.147000,2531.811000,3109.449072,121.213400,29816.013000,69528,3.800000,0,540.080000,965.369000,167.179000,0,0,869,1649.595000,11558,7343.249000,5005.776000,28745.500000,2313.705000,928.498000,2389.306000,28950,4239.067000,79656,454000,24,,236,,,,1977.267000,528.134000,45719,,3135.084000,320.300000,466.321240,,,615.593000,29403.988000,,16961,2909.701493,,,,0,0,0,0,0,0,0,0,0,0,0,0,0,0
2001,6425.410000,3061.338000,5538.841000,2239.651000,1581.600000,12652.511000,3275.028000,1393.934000,2954,25479.276060,2486.146000,28382.550000,629.260000,1014.925000,16503,10183,12130.783000,2739.245000,2522.017000,3386.123149,108.511000,30893.082000,67729,300.600000,0,516.580000,843.608000,203.220000,0,0,885.700000,1592.676000,9335.100000,6992.001000,5218.308000,30172,2367.285000,957.150000,2472.023000,28746,4647.772000,79979,503117.544000,15.360000,,246,,,,1982.709000,511.598000,47393,,,321.900000,384.566200,,,763.079000,33576.332000,,17464,3302.592302,,,,0,0,0,0,0,0,0,0,0,0,0,0,0,0
2002,6353.611000,3118.227000,5582.759000,2222.324000,1888.600000,13035.643000,3149.674000,1431.709000,2549,24193.677360,2508.415000,29357.596000,590.450000,977.087000,16479,10327,11666.179000,2698.601000,2687.086000,3413.316000,71.981400,30770.167000,63778,51.200000,0,523.730000,874.577000,221.039000,0,0,905.300000,1634.357000,8811.600000,7543.924000,4984.020000,32556.500000,2259.787000,840.870000,2371.693000,29499,5291.625000,82959,525150,25.920000,,326,,,,2111.742000,532.140000,50048,,,406.800000,357.431790,,,943.737000,37937.280000,,18787,3324.705420,,,,0,0,0,0,0,0,0,0,0,0,0,0,0,0
2003,6565.787000,3119.808000,5268.668000,2327.296000,2239.800000,13178.062000,3081.095000,1405.259000,2725,25485.184560,2363.610000,30316.646000,559.541000,940.203000,16313,10146,11754.727000,2692.090000,2696.059000,3966.870000,60.403000,32077.055000,62653,1,0,526.420000,769.754000,241.103800,0,0,803.600000,1681.087000,8647.400000,6979.619000,4995.763000,35505,1754.733000,853.837000,2234.986000,30419,6784.102000,83315,657030,23.040000,,377.400000,,,,2178.615000,600.980000,51575,,,452.700000,431.741400,,22189,1427.251000,33615.671000,,17900,3519.992145,,,,0,0,0,0,0,0,0,0,0,0,0,0,0,0
2004,6491.820000,3222.802000,5169.065000,2644.374000,2487.100000,13727.097000,3264.509000,1509.058000,3017,26544.033210,2611.617000,30798.002000,622.908000,1064.421000,17196.005000,10402,11754.727000,2852.242000,2494.756000,4283,93.655000,33048.546000,61202,657.400000,0,632.800000,847.389000,260,0,0,825.700000,1323.959000,9620.600000,7718.930359,5661.243000,39782.900000,2271.128000,897.562000,2385.598000,32779,8117.400000,88190,684370,23.040000,5472.268000,530,,,,2335.509000,605.814000,48251,,,525.700000,404.542870,,22530,1437.156000,35095.521000,,18347,4187.608013,,,,0,0,0,0,0,0,0,0,0,0,0,0,0,0
2005,6656.584000,3221.167000,5555.341000,2981.621000,2801.700000,13888.870000,3441.917000,1476.948000,3045.055000,24622.271870,2520.788000,31742.484000,635.387000,1110.175000,17328.763000,10074,12442.361000,2926.578000,2352.613000,4399.850561,99.170000,33122.309000,63003,675,0,729.111000,833.798000,265.397000,0,0,813.800000,1454.260000,9468.400000,7865.004595,6006.958000,42333,2352.678000,921.699000,2457.301000,36382,9181,88783,764720,14.592000,6408.102000,626.500000,,,,2254.223000,542.144000,43071,,,678.700000,434.084700,,22154,1506.937000,38892.195000,,19175,4451.492537,,,,0,0,0,0,0,0,0,0,0,0,0,0,0,0
2006,7075.565000,3653.477000,5758.764600,2859.787000,3002.400000,14149.876000,3451.771000,1542.033000,3287.744000,25170.302920,2632.112000,32078.063000,704.727000,1146.570000,17728.254000,10069,12244.236000,3104.367000,2533.076000,4400.119702,112.219000,33210.175000,62404,903.800000,0,955.562000,826.131000,330.648000,0,0,785.200000,1507.186000,11219.900000,7776.697662,6916.222000,46686,2589.079000,972.232800,2660.045000,39569,10522,90045,873280,28.608000,7197.284000,638.500000,,1345.744000,28468,2419.367000,604.174000,42723,,3868.051000,850.600000,435.163010,73.264100,23814,1307.250000,40796.165000,,18858,4610.703064,,,,0,0,0,0,0,0,0,0,0,0,0,0,0,0
2007,7254.067684,3992.376000,5733.168000,3644.850000,3109.900000,14157.642000,3511.885000,1515.251000,3837.020000,27262.403790,2706.048000,32045.543000,1042.811000,1200.988524,18053.017000,10227,12035.077000,3160.520000,2577.093000,4441.490713,114.668000,33742.429000,59885,1134.300000,0,966.349000,816.688000,338.312000,0,0,845,1636.818000,13168,8017.823129,7670.404000,52583,2825.323000,1028.146300,2493.278000,43174,11757.400000,87466,956680,27.264000,7924.957000,723.200000,,1310.610000,31768,2576.089800,519.598000,46293,,,1302.200000,401.802490,70.847000,27251,1162.338000,42301.995000,,18229,5015.691280,,,,0,0,0,0,0,0,0,0,0,0,0,0,0,0
2008,7052.903000,3996.243000,5637.747000,3509.816970,3484.400000,12797.968000,3461.303000,1526.233000,3758.652000,25619.840790,2269.687000,27304.551000,1040.011000,1279.185695,16940.922000,8700,11361.397000,2995.053000,2468.355300,3893.415918,110.240000,31118.967000,55647,1870.300000,0,841.700000,761.816000,334.464000,0,0,830,1533.985000,12443.100000,7748.062377,7813.869000,44937.600000,3045.254000,1124.760200,2643.715000,47119.570000,11981.300000,79599,977010,35.808000,8043.565000,729.300000,,1343.610000,34482,2558.472300,578.067000,46795,,,1486.600000,440.664890,70.851200,35307,906.173000,37365.414000,,16344,5551.197958,,,,0,0,0,0,0,0,0,0,0,0,0,0,0,0
2009,6986.242000,3428.140000,5132.368000,1858.849690,3601.600000,9875.736000,3443.187000,1263.777000,2923.203000,23696.239140,1493.230000,21594.604000,448.529000,764.235560,14723.727000,6420.567000,8649.322000,2439.059000,1882.972900,2438.302337,51.864000,25259.070000,49195.055000,1772.400000,0,521.909000,708.048000,340.990440,0,0,800,1528.300000,10659.200000,6164.472088,5820.173000,37559.400000,2348.071200,801.361800,2336.140000,51350.844000,5038.300000,56918,1084080,30.240000,7597.386000,412,,1343.610000,34737,2114.637600,742.208000,44774,,,641.300000,526.588730,59.390800,38794,1050.197000,35901.242000,,15116,5705.007855,,,,0,0,0,0,0,0,0,0,0,0,0,0,0,0
2010,6469.757000,3097.043000,4740.356160,1514.551000,3772.300000,11018.883000,3642.216000,1042.962000,2748.472000,23455.645620,1313.654000,21207.202000,536.691000,1049.324698,14982.373000,6598.468000,7926.639000,2320.484000,1433.159500,2053.471994,18.492000,25239.491000,47279,1948.300000,0,536.207000,736.019000,834.940000,0,0,701.400000,1433.783000,11767.800000,6483.642929,5230.607000,43154.700000,1653.590000,680.725200,2453.536000,56798.167000,5583.900000,60444,1188170,34.176000,8252.502000,445.600000,,1307.703000,38053,2047.785200,629.444000,44853.095000,,,655.600000,483.015220,60.340000,40344,1059.973000,35528.329755,6923,15578,5742.498036,,,,0,0,0,0,0,0,0,0,0,0,0,0,0,0
2011,6373.815000,3175.642000,5060.258580,1475.700000,3763.500000,11099.560000,3587.033000,1037.288000,3132.268000,25270.311300,1582.023000,18242.700000,719.002000,1129.294583,15284.204000,7096.343000,4569.168000,2071.660000,1109.376355,1804.725732,35.441000,24057.141000,48884,2026.400000,0,602.252000,770.232000,1095.225000,0,0,674.400000,1415.445500,13630,5351.024049,5803.672900,47724,2433.860000,589.369680,2544.334996,59579.219000,7484.600000,61903,1316300,34.272000,8899.533000,339.960000,1425,1337.446000,40780,2113.566300,628.287000,45280.804000,,4955.079000,804.700000,393.481120,60.515000,42921,1200.553000,34991.506536,5715,16360,5482.992930,,,,0,0,0,0,0,0,0,0,0,0,0,0,0,0
2012,6424.621000,3206.055000,4869.464620,1839.270000,4195.390000,12154.555000,3367.698000,953.246000,2837.600000,25072.906620,1628.506000,16718.982829,714.569000,1000.494385,14197.340000,6554.755520,5856.101000,1996.499000,1332.601000,2189.065720,0,19204.416000,49883,4411.300000,0,730.376000,758.241000,1129.114170,0,0,609.717000,1399.080640,11807.300000,4881.543035,5952.964253,49933,2126.121000,605.240200,2768.567000,59507.912000,6279.198000,67788,1327850,67.968000,8593.571000,373.220000,1966,1297.332000,44300,2206.324200,652.579000,45154.987000,,,832.800000,563.337300,56.988400,48767.500000,1167.564000,36028.000287,6872,15369,5481.205813,,,,0,0,0,0,0,0,0,0,0,0,0,0,0,0
2013,6018.709260,3156.286000,4694.323000,1675.996000,4556.100000,10976.834000,3414.790000,1418.452000,2472.196000,23590.526622,1612.834000,14649.827000,691.443000,972.538040,13779.672000,6711.881000,6915.193000,2198.296030,1018.215000,2057.661709,0,16901.564000,52105,5759.100000,0,854.750000,743.260000,1054.953290,0,0,550.061000,1399.806000,10855.300000,5427.442551,5121.417813,51734.100000,2161.315000,743.138480,2598.905000,64482.072000,6404.200000,69900,1390160,83.520000,8659.581000,462.697000,2296,,46890,2124.637100,696.077000,44382.267000,345.380000,4881.844000,897.600000,426.918410,60.365900,54242.600000,911.030000,36351.676747,6380,15433,,,,,0,0,0,0,0,0,0,0,0,0,0,0,0,0
2014,5738.612800,3143.495000,4830.672000,1716.917742,5100.300000,10930.390000,3501.926000,1822.972000,2792.101000,24348.287400,1644.260000,16950.910000,720.480000,941.092477,13143.153000,7196.800000,7233.531000,2318.519300,1094.802696,2681.978119,0,15833.360000,51573,6153.200000,0,753.771000,731.076000,1093.042040,0,0,558.737000,1374.867000,11865,5967.864511,5583.601918,50163.700000,2415.340000,807.262200,2602.243000,65594.134000,6064.639000,75800,1446455.664655,67.296000,8490.002000,419.675000,,,47000,1999.736000,795.042000,44815.936000,371.051420,,871.900000,497.912220,74.267900,57378.155000,837.250000,37905.296756,7995,13623,,,,,0,0,0,0,0,0,0,0,0,0,0,0,0,0
2015,5631.539080,3256.561000,4395.965730,2073.686000,4343,11514.476000,3194.746000,1640.717000,2919.190000,23821.800120,1714.803000,17649.533000,356.287000,934.048676,12540.861000,7804,6554.285000,2155.823700,1331.138380,3020.530704,0,15526.759000,50307,6569.100000,0,963.410000,677.731000,918.409680,0,0,516.776000,1284.103000,11278.400000,5626.409102,6310.626022,43873.300000,2506.121701,713.039860,2825.933000,65432.819000,6062.925124,76700,1341250.165694,96.768000,8788.194000,,,,42500,2021.774100,804.296000,47015.261000,357.140000,,830.900000,672.491600,125.842400,57023.914000,1565.646000,38484.368652,8093,12134,,,,,0,0,0,0,0,0,0,0,0,0,0,0,0,0
2016,5475.962650,3299.974000,4458.043000,2257.051421,4203.600000,11383.173000,3295.729000,1648.260000,3188.086000,23891.913900,1972.721000,18009.402000,318.500000,1117.345588,12669.358000,8056,7086.340730,2055.164030,1371.407756,3274.969792,0,14761.858000,50436,6697.900000,0,851.979000,750.056600,678.274950,0,0,498.142000,1306.291000,12075.300000,4412.792698,6050.636195,38686.800000,2599.394000,667.194730,2846.624000,71297.838000,6695.065072,75800,1380353.143891,178.848000,7834.031000,,,,38500,2192.282100,761.061000,49147.686000,415.062000,,809,748.845500,205.163400,55505,,44307.137010,7433,10370,,,,,0,0,0,0,0,0,0,0,0,0,0,0,0,0
2017,5579.229010,3313.459000,4237.723720,2326.856634,4244.200000,12572.430394,3278.651000,1725.229000,3236.047000,25298.392920,2170.408000,17936.101490,517.920000,1181.401564,12357.626570,7823.750000,7088.092000,2411.086781,1522.896845,3345.362119,0,14821.951937,51351,7254.100000,0,838.643000,761.255000,853.973730,0,0,587.589000,1461.477000,12996.500000,4854.447590,6322.822993,38838.500000,2698.815287,796.930400,2768.011000,74985.247000,6551.552100,77500,1408480.714280,105.216000,8582.962000,,,,36500,1694.464000,691.588000,48657.426000,,,,514.016370,248.361000,46123.400000,,43029.610560,6890,10297,,,,,0,0,0,0,0,0,0,0,0,0,0,0,0,0
2018,5443.493000,3551.969000,4605.462190,2297.484098,4121.750000,13639.207432,3238.736000,1603.339000,3514.288000,24958.303500,2140.571000,18459.511000,505.349000,1187.290022,12844.855000,7734.260000,6548.108050,2325.845184,1714.760289,3512.552067,0,14819.975328,50979,7393.800000,0,952.195000,746.704000,1072.872900,0,0,432.790000,1429.435320,14221,4294.389188,6695.986673,38040.400000,2695.743417,873.487110,2957.561000,74880.273000,6845.712910,74900,1461535.593623,,8595.952000,,,,37000,1530.622500,612.988000,45350.992000,,,,,255.404500,48308.100000,,43178.305000,7353,10336,,,,,0,0,0,0,0,0,0,0,0,0,0,0,0,0
2019,5625.447210,3422.866000,5037.839510,2127.514036,4351.603000,13381.907316,3227.198000,1508.833000,3722.165000,25069.132620,2146.320000,17511.053469,503.622000,1142.137945,12935.931460,7829.860000,6429.108000,2272.420000,1989.089580,3462.486017,0,15119.324778,49293,7221.600000,0,1074.452000,802.488000,1091.081720,0,0,12.564000,1406.883490,14178,4272.079221,7298.950383,38448.400000,2854.635790,927.767700,2539.227000,61458.202000,7466.194978,78600,1536087.771846,,8147.795000,,,,38000,,642.946000,45931.738000,,,,,,47286.970000,,42867.804000,7207,,,,,,0,0,0,0,0,0,0,0,0,0,0,0,0,0
2020,5245.902530,3522.299000,4817.137000,1999.876591,4399.203000,12608.036206,3128.533000,1693.665000,3555.962300,25202.813820,2240.088000,15652.603000,34.968000,1140.639004,11771.046420,6940.790000,5744.649000,2350.681000,1806.147902,3273.354633,0,13388.855569,47522,8453,0,1038.591000,783.885000,1084.219760,0,0,0,1407.074000,14361,4568.936778,7473.933064,38968.200000,2944.936744,923.892370,2437.800000,77538.668684,7648.452435,78200,1594338.868531,,6903.361000,,,,42185,,731.473000,41893.679000,,,,,,49188.400000,,42139.918616,6101,,,,,,0,0,0,0,0,0,0,0,0,0,0,0,0,0
2021,5366.673010,3662.612000,4871.908480,1989.255337,4274.850000,13801.850597,3227.270000,1663.677000,3673.025000,25736.258520,2201.727000,16731.821000,0,1220.203627,12242.079298,7366.900000,6117.162000,2406.026569,1947.547589,3851.053012,0,15162.251030,47338,7295.700000,0,1179.676000,717.073770,1056.091260,0,0,0,1360.840600,13996.134000,4204.612732,7724.858686,41955.300000,2937.739358,916.029100,2405.059000,84024.877000,8175.126417,79400,,,9190.258000,,,,44210,,773.522000,43429.912000,,,,,,55137.400000,,40651.463136,7261,,,,,,0,0,0,0,0,0,0,0,0,0,0,0,0,0
2022,,,,1951.982440,,,,,,,,15348.244210,,,,7160,6523.328047,2262.669000,,,,,45313.590000,,,,,,,,,1390.721000,14596,,7045.637000,,,,,72862.536000,,79603.048000,,,9961.118000,,,,,,756.071297,42889.222000,,,,,,57652.400000,,,,,,,,,0,0,0,0,0,0,0,0,0,0,0,0,0,0
